,sell_last_losscut,sell_last_profitlevel,last_losscut,last_profitlevel
0,0.09640000000000001,0.051000000000000004,0.20800000000000002,0.050499999999999996
