,sell_last_losscut,sell_last_profitlevel,last_losscut,last_profitlevel
0,0.085,0.053200000000000004,0.20800000000000002,0.052700000000000004
